<?xml version="1.0"?>
<doc>
    <assembly>
        <name>iDecryptIt</name>
    </assembly>
    <members>
        <member name="T:Hexware.Programs.iDecryptIt.Properties.Resources">
            <summary>
              A strongly-typed resource class, for looking up localized strings, etc.
            </summary>
        </member>
        <member name="P:Hexware.Programs.iDecryptIt.Properties.Resources.ResourceManager">
            <summary>
              Returns the cached ResourceManager instance used by this class.
            </summary>
        </member>
        <member name="P:Hexware.Programs.iDecryptIt.Properties.Resources.Culture">
            <summary>
              Overrides the current thread's CurrentUICulture property for all
              resource lookups using this strongly typed resource class.
            </summary>
        </member>
        <member name="T:Hexware.Programs.iDecryptIt.SubmitKey">
            <summary>
            Interaction logic for SubmitKey.xaml
            </summary>
            <summary>
            SubmitKey
            </summary>
        </member>
        <member name="M:Hexware.Programs.iDecryptIt.SubmitKey.InitializeComponent">
            <summary>
            InitializeComponent
            </summary>
        </member>
        <member name="T:Hexware.Programs.iDecryptIt.About">
            <summary>
            Interaction logic for About.xaml
            </summary>
            <summary>
            About
            </summary>
        </member>
        <member name="M:Hexware.Programs.iDecryptIt.About.InitializeComponent">
            <summary>
            InitializeComponent
            </summary>
        </member>
        <member name="T:Hexware.Programs.iDecryptIt.WhatAmI">
            <summary>
            Interaction logic for WhatAmI.xaml
            </summary>
            <summary>
            WhatAmI
            </summary>
        </member>
        <member name="M:Hexware.Programs.iDecryptIt.WhatAmI.InitializeComponent">
            <summary>
            InitializeComponent
            </summary>
        </member>
        <member name="T:Hexware.Programs.iDecryptIt.App">
            <summary>
            Interaction logic for App.xaml
            </summary>
            <summary>
            App
            </summary>
        </member>
        <member name="M:Hexware.Programs.iDecryptIt.App.InitializeComponent">
            <summary>
            InitializeComponent
            </summary>
        </member>
        <member name="M:Hexware.Programs.iDecryptIt.App.Main">
            <summary>
            Application Entry Point.
            </summary>
        </member>
        <member name="T:Hexware.Programs.iDecryptIt.SelectLangControl">
            <summary>
            Interaction logic for SelectLangControl.xaml
            </summary>
            <summary>
            SelectLangControl
            </summary>
        </member>
        <member name="M:Hexware.Programs.iDecryptIt.SelectLangControl.InitializeComponent">
            <summary>
            InitializeComponent
            </summary>
        </member>
        <member name="T:Hexware.Programs.iDecryptIt.SplashScreen">
            <summary>
            Interaction logic for SplashScreen.xaml
            </summary>
            <summary>
            SplashScreen
            </summary>
        </member>
        <member name="M:Hexware.Programs.iDecryptIt.SplashScreen.#ctor">
            <summary>
            
            </summary>
        </member>
        <member name="M:Hexware.Programs.iDecryptIt.SplashScreen.InitializeComponent">
            <summary>
            InitializeComponent
            </summary>
        </member>
        <member name="T:Hexware.Programs.iDecryptIt.MainWindow">
            <summary>
            Interaction logic for MainWindow.xaml
            </summary>
            <summary>
            MainWindow
            </summary>
        </member>
        <member name="M:Hexware.Programs.iDecryptIt.MainWindow.InitializeComponent">
            <summary>
            InitializeComponent
            </summary>
        </member>
        <member name="T:Hexware.Programs.iDecryptIt.KeysControl">
            <summary>
            Interaction logic for KeysControl.xaml
            </summary>
            <summary>
            KeysControl
            </summary>
        </member>
        <member name="M:Hexware.Programs.iDecryptIt.KeysControl.InitializeComponent">
            <summary>
            InitializeComponent
            </summary>
        </member>
    </members>
</doc>
